id;name;contact_email;price;billing_period_days;contract_start;contract_end;automatic_extension;extension_period_days;extension_reminder;extension_reminder_period_days;provider_id;owner_id
1;mobile Fish;Home Loan Account Table Computer;5808;45924;2019-08-08T19:48:53;2019-08-09T08:35:37;true;14286;true;65088;1;1
2;Producer;Implementation Electronics Officer;61748;30424;2019-08-09T01:55:23;2019-08-09T04:00:31;false;43194;false;29122;2;2
3;enable Gorgeous Frozen Pants;Common;78517;61838;2019-08-09T11:48:38;2019-08-09T07:25:25;true;98323;true;46676;3;1
4;Credit Card Account Table Small Frozen Sausages;South Dakota envisioneer Music;23089;68423;2019-08-09T10:49:05;2019-08-09T06:02:21;true;12203;true;49517;4;2
5;Salad;Digitized invoice;31171;42515;2019-08-09T04:07:16;2019-08-09T11:36:43;true;56770;false;3131;5;2
6;connect Markets Chief;capacitor archive;57044;19598;2019-08-09T04:06:10;2019-08-09T15:31:02;true;32533;true;38867;6;2
7;South Georgia and the South Sandwich Islands;compelling mission-critical;54269;27599;2019-08-09T13:13:14;2019-08-09T09:29:32;true;16526;false;1563;7;2
8;index orange;Jewelery;19884;70685;2019-08-08T23:31:50;2019-08-08T23:06:24;true;77127;true;7404;8;2
9;deposit Internal;Investment Account archive Fantastic Plastic Chicken;32518;66592;2019-08-08T23:05:32;2019-08-09T02:24:42;true;27472;true;56124;9;1
10;Frozen bus;hard drive Robust Networked;4043;52273;2019-08-08T23:32:49;2019-08-09T06:20:30;false;2541;false;10789;10;1
